shirakami_fubuki,hololive,UCdn5BQ06XqgXoAxIhbqw5Rg
tokino_sora,hololive,UCp6993wxpyDPHUpavwDFqgg
haachama,hololive,UC1CfXB_kRs3C-zaeTG3oGyg
natsuiro_matsuri,hololive,UCQ0UDLQCjY0rmuxCDE38FGg
minato_aqua,hololive,UC1opHUrw8rvnsadT-iGp7Cg
oozora_subaru,hololive,UCvzGlP9oQwU--Y0r9id_jnA
inugami_korone,hololive,UChAnqc_AY5_I3Px5dig3X1Q
ookami_mio,hololive,UCp-5t9SrOQwXMU7iIjQfARg
nekomata_okayu,hololive,UCvaTdHTWBGv3MKj3KVqJVCw
hoshimachi_suisei,hololive,UC5CwaMl1eIgY8h02uZw7u8A
uruha_rushia,hololive,UCl_gCybOJRIgOXw6Qb4qJzQ
usada_pekora,hololive,UC1DCedRgGHBdm81E1llLhOQ
houshou_marine,hololive,UCCzUftO8KOVkV4wQG1vkUvg
shirogane_noel,hololive,UCdyqAaZDKHXg4Ahi7VENThQ
tsunomaki_watame,hololive,UCqm3BQLlJfvkTsX_hvm0UmA
kiryu_coco,hololive,UCS9uQI-jC3DE0L4IpXyvr6w
amane_kanata,hololive,UCZlDXzGoo7d44bwdNObFacg
momosuzu_nene,hololive,UCAWSyEs_Io8MtpY3m-zqILA
shishiro_botan,hololive,UCUKD-uaobj9jiqB-VXt71mA
tokoyami_towa,hololive,UC1uv2Oq6kNxgATlCiez59hw
gawr_gura,hololive_en,UCoSrY_IQQVpmIRZ9Xf-y93g
takanashi_kiara,hololive_en,UCHsx4Hqa-1ORjQTh9TYDhww
mori_calliope,hololive_en,UCL_qhgtOy0dy1Agp8vkySQg
ninomae_inanis,hololive_en,UCMwGHR0BTZuLsmjY_NT5Pwg
watson_amelia,hololive_en,UCyl1z3jo3XHR1riLFKG5UAg